{"cameraMode":{"drawMode":0,"name":"Shaded","section":"Shading Mode"},"sceneLighting":true,"audioPlay":false,"sceneViewState":{"m_AlwaysRefresh":false,"showFog":true,"showSkybox":true,"showFlares":true,"showImageEffects":true,"showParticleSystems":true,"showVisualEffectGraphs":true,"m_FxEnabled":true},"in2DMode":false,"pivot":{"x":0.11510174721479416,"y":-2.910799026489258,"z":-0.9333928823471069},"rotation":{"x":0.0003990404075011611,"y":-0.720194935798645,"z":0.693905770778656,"w":-0.0000899396400200203},"size":12.896020889282227,"orthographic":false}