{"cameraMode":{"drawMode":0,"name":"Shaded","section":"Shading Mode"},"sceneLighting":true,"audioPlay":false,"sceneViewState":{"m_AlwaysRefresh":false,"showFog":true,"showSkybox":true,"showFlares":true,"showImageEffects":true,"showParticleSystems":true,"showVisualEffectGraphs":true,"m_FxEnabled":true},"in2DMode":false,"pivot":{"x":0.30995917320251467,"y":-3.802459716796875,"z":2.7491960525512697},"rotation":{"x":0.3982417583465576,"y":-0.03185195103287697,"z":0.013469814322888852,"w":0.9167230129241943},"size":6.5550031661987309,"orthographic":false}