{"cameraMode":{"drawMode":0,"name":"Shaded","section":"Shading Mode"},"sceneLighting":true,"audioPlay":false,"sceneViewState":{"m_AlwaysRefresh":false,"showFog":true,"showSkybox":true,"showFlares":true,"showImageEffects":true,"showParticleSystems":true,"showVisualEffectGraphs":true,"m_FxEnabled":true},"in2DMode":false,"pivot":{"x":-0.3349582552909851,"y":-2.588311195373535,"z":-0.612534761428833},"rotation":{"x":-0.0006476728594861925,"y":-0.7222700119018555,"z":0.6917396783828735,"w":-0.001165203982964158},"size":19.42635154724121,"orthographic":false}