{"cameraMode":{"drawMode":0,"name":"Shaded","section":"Shading Mode"},"sceneLighting":true,"audioPlay":false,"sceneViewState":{"m_AlwaysRefresh":false,"showFog":true,"showSkybox":true,"showFlares":true,"showImageEffects":true,"showParticleSystems":true,"showVisualEffectGraphs":true,"m_FxEnabled":true},"in2DMode":false,"pivot":{"x":-1.456527829170227,"y":-1.0401878356933594,"z":-0.5715605020523071},"rotation":{"x":-0.0006600626511499286,"y":-0.7139176726341248,"z":0.7003565430641174,"w":-0.0011588424677029253},"size":8.582415580749512,"orthographic":false}